IID	PC1	PC2	PC3	PC4	PC5	PC6	PC7	PC8	PC9	PC10
JSB100-1	-0.008704181467399687	0.024361621134255343	0.004238775986844267	-0.01696598875267644	0.007112560919746875	3.670157386873418e-4	-0.004382911986794976	7.541276542732072e-5	-0.005592881165667583	1.2675140908257514e-4
JSB100-2	-0.007327124786414858	0.02172900536403168	-2.652158687358684e-4	-0.014305346208722555	-0.01523126527189871	0.0015070933549654456	0.01334365904808715	-0.002330910915876578	-0.0014976340632538562	-0.0026304527015221027
JSB100-3	-0.00921846839350368	0.023622118053695365	0.0037383587785569865	-0.01613193047416586	0.01262583532264522	-0.0016430826003757059	-0.00787920022695897	-1.5232118516130751e-5	-0.005190215629002403	-4.049070693298303e-4
JSB100-4	-0.008486412150633626	0.024078774977832586	0.004910134610634641	-0.01822558086581057	0.0056109104839169805	-9.258947885279081e-4	-0.003310235168422636	9.946855827282423e-4	1.5566593086724207e-4	-5.814756022988393e-4
JSB100-5	-0.014164265004415026	-0.030512622740115257	4.5190503238221687e-4	-0.014070579233282346	-8.017139382777794e-4	0.0016372289754271517	-7.447582794281975e-4	3.306905393637875e-4	-0.002765528860911792	0.00265691729469567
JSB100-6	-0.008972401613362891	0.024078774977832586	0.004165384088790328	-0.015413498669387212	0.0076638141782286	-0.0011308904173772181	-0.005517244390019867	-0.0012242982489329656	-0.0046037180222765275	0.0017811732684480024
JSB100-7	-0.00800984075293173	0.0233880908779312	0.002887619983901414	-0.01575417246670992	-0.00306442301824251	-0.0015194925669171752	0.004304744380750107	6.337560692514694e-4	-0.003432133866150423	-0.0028155721689034825
JSB100-8	-0.009730966896845968	0.011509141175257129	0.02129051041180219	0.005707379565988418	0.007111443613501281	9.783688893646514e-4	-0.004418259803329103	-9.061160906552794e-5	0.0030731632741285656	-0.0024544643631436353
JSB113-1	-0.009650329222162938	0.003099093477629559	0.03483423683662108	0.021585178527567885	-0.0025962625430908737	-0.0021923134549735913	0.0033333595550809852	-0.0025502049395252197	0.004374863657037369	-0.009859436054520434
JSB113-2	-0.007954615988781968	0.02366827763462937	0.002312783522278849	-0.015542882188813735	-0.005215200908018548	0.0013740215711908863	0.004820575010755201	0.0024583388332579765	-0.0012333597675183866	-0.0017441180131019674
JSB113-3	-0.009070461987208341	0.023604831955485513	0.0032381877416629997	-0.0170059888583645	0.0068086810956891584	-0.0015385963301278718	-0.0028389435429494523	0.0018310673630685126	-0.002655837091012178	0.0034489975022323686
JSB113-4	-0.008911162556538685	0.02354043649072573	0.004266511297155349	-0.01586878959198057	0.007629434115556811	-0.002320017857405547	-0.004969145416540542	0.0020835219179811577	-0.0036092335186319754	9.118897873706916e-5
JSB115-1	-0.00739062821721961	0.021459836120478252	-9.900324158368368e-4	-0.012445191761122356	-0.013796076241185805	0.001293473447697523	0.009955010671473762	-0.0012793790348290708	-0.006088066622066035	0.002025096241627534
JSB115-2	0.003694766043569928	0.0035415796003771603	0.018979059497332373	0.010613859819583366	-0.003576002746757748	0.005562467887814322	0.0017317785155535697	-6.607670371658932e-4	0.0018619738479809282	-0.004572476175061048
JSB115-3	-0.008762622507967676	0.0242466970747283	0.0038631512635306344	-0.015997201146222148	0.010228755513451196	3.8511802708655267e-4	-0.007124814343412231	0.0016591357257976305	9.370915406408241e-4	0.0036578554925698024
JSB115-4	-0.007645117891657464	0.021341492832733875	-2.4076120252607974e-4	-0.013080670075693704	-0.02032728074155533	0.004260672193784189	0.014237745321458366	-0.001842787895670445	-0.005093761490115421	-0.0027282293616246287
JSB115-5	-0.00861086618297844	0.007381068957045668	-0.024006010639797945	0.020208053393608278	0.003125068935933665	-9.23718848391281e-4	-3.6813305646126864e-4	9.353625357635352e-4	-0.004839890752628361	-0.004792757123345323
JSB115-6	-0.008753694816923356	0.024066807679071916	0.004476577552765908	-0.016534623126943232	0.006922820339450086	6.091080143352204e-6	-0.004397279712329024	7.907574631873827e-4	3.735846018326417e-5	0.005242799954387174
JSB115-8	-0.007137018331398403	0.02118534807747564	-4.604685145835911e-4	-0.01251180875956733	-0.024673510454435322	0.003397608494899764	0.01318297856726259	-0.0032145247274027425	-0.007044022085852683	-0.0023990503517309775
JSB116-1	-0.008969993011740273	0.022528154981271805	0.0031850114384263323	-0.0159760795950878	0.007257398610517883	-5.755674914470913e-4	-0.008941306706822041	0.0018320964830042922	-5.747774602439598e-4	0.005316789842503248
JSB116-2	-0.008529867939190229	0.023993674186645615	0.003991685553682346	-0.016889839018763748	0.0037183860270876157	0.0012252310277701297	-0.0048731999936284295	0.0043670247088161635	-0.002038894128768542	0.003917459400628841
JSB116-3	-0.00859402039438431	0.02391351228066146	0.0028284174049569193	-0.016623184108602123	0.00609709439096475	0.0025849925701326693	-0.003146560230665604	3.8550489754318545e-4	-0.0014668060481223613	-6.307897300433689e-4
JSB116-4	-0.008823645223328774	0.023900215282038496	0.004211664310729528	-0.017768383396123667	6.40442687448631e-4	0.0023173902717657	-3.722601171357101e-4	0.001163843170038901	0.0011961222038568366	-0.0022441950886670455
JSB116-6	-0.012923633250067073	-0.028949655530547447	-0.0016891624550759753	-0.012917230391517816	-0.008741593425822357	0.00454233815336941	-0.011419744084563472	0.001766667324420627	0.0015855620676223133	0.0016446526369354947
JSB116-7	-0.007052717274606721	0.02142621370967447	3.102918202190775e-4	-0.013286016412651199	-0.02342524126366148	0.006652308123843052	0.012482067827863284	-0.002578059785786982	-0.003315877092252675	-0.0025686456935816453
JSB116-8	-0.008956276962979128	0.023387521006561645	0.0040406572495215575	-0.015964416012868476	0.01206370206564083	-5.310257069743391e-4	-0.0075396741527510285	0.001836556002726003	-0.0033495033058096044	-9.460537195700974e-4
JSB118-1	-0.008516469191241645	0.02417394349654837	0.0035639381406953434	-0.01655862319035607	0.007334446950224268	-0.0012652619677138365	-0.008507242698922612	0.0038616353430208426	-0.0021720835905740476	0.004485314301646189
JSB118-2	-0.008696277792614086	0.02432894850906749	0.004497945229703795	-0.016583445685848474	0.010624849735762044	-0.00165160121431841	-0.00562821877501263	0.003501340453504467	-0.0037704647552564705	-0.00321517063866372
JSB118-3	-0.01018691374173142	0.0074691520750666445	0.032444897293313166	0.01831873999045977	-0.007394992127188363	2.794619669328655e-4	0.0031657455367534743	0.003871503459738372	0.006578277503485937	-0.0025328690375411704
JSB118-4	-0.00846890291488596	0.02299335997595236	0.0030607441190917107	-0.015697798485983197	-0.002835595035845773	0.003169448033646215	0.003577563657977897	0.0012464471968841294	-0.0020657879247463285	-0.003475486219921136
JSB118-5	-0.008952051093066389	0.015577794805336258	0.015316816913581775	-3.6552433027236983e-4	-6.17280562647559e-4	-5.329529148048455e-4	1.0195795236801099e-4	-0.0021274196005751267	0.0020908640875588747	-0.004706065677976848
JSB118-6	-0.008745574800674645	0.023689172918179742	0.0036718596795152682	-0.01792064548067271	0.004093837558598727	0.0012228933181261386	-0.005076105151071786	6.447081923013531e-4	-0.004404077326923421	-0.0020889417711023265
JSB118-7	-0.008564655646458242	0.02354917451839225	0.004339739080947092	-0.01660527751923336	0.009891090912836142	-8.147366949561231e-4	-0.006749609834396862	0.0049316227749166604	-0.002671908794789032	-4.167473813896181e-4
JSB118-8	-0.008972170849135574	0.022970755078293322	0.004265198383057783	-0.01682509118413597	0.006224540568945738	3.3300954403812955e-5	3.7553323804139557e-4	8.668288653736021e-5	0.004225865569939452	0.001849518020007454
JSB119-1	-0.009270246117007896	0.023731533356650042	0.0036310280510809655	-0.015700714381538028	0.010912693467721118	-0.0010682772022725558	-0.006259491859818249	-0.0013518976863036607	-0.003986679395129459	0.0043854870577517266
JSB119-2	-0.008549829044853135	0.02402862629731169	0.003088732165366574	-0.017653392438089582	0.011071039574166311	-0.003133914847057548	-0.010011499165026428	0.0012944156205574034	-0.002354707891228893	6.927559597841407e-4
JSB119-3	-0.008400264980023409	0.024155897569845774	0.0038338076334500345	-0.015480975483188098	0.009289760354756827	2.6625110219274196e-4	-0.008505570715083345	0.003466270333026295	-1.5699567302496987e-4	5.481319036162076e-4
JSB119-4	-0.009301702165744023	0.024631740163424697	0.0036037522607040326	-0.016892343698278797	0.00388113725077978	3.0844489109906927e-4	-0.006298429246176793	-4.2070194281343696e-4	-0.003215955100616223	0.0022721915885557655
JSB119-5	-0.009228737401619279	0.023677965447911814	0.003884256357649008	-0.016158846433133527	0.012900124847690538	-0.0017734052376089313	-0.011420405321110076	-0.004805441236124151	-7.419291585797049e-4	0.0020026121934618407
JSB119-6	-0.009014559353140836	0.024086183305636805	0.004379881429480172	-0.016832268773194017	0.008815399745766938	7.792025732835982e-4	-0.0057032785692884645	5.668689907587836e-4	0.0016375918169772921	0.0015510495179624371
JSB119-7	-0.008952584735342058	0.024124744601643402	0.003576739053146612	-0.016527408154608843	0.005436198588448216	0.0016425589534154517	-0.003289009475276676	5.095104194048198e-4	-0.0027668801276727923	-0.0017861911676094447
JSB119-8	-0.009368364181910175	0.023705319273650483	0.0030799093826309304	-0.017049876824792334	0.0037149974753591755	-0.002118170655904764	-0.005582801270497376	-0.002183826807721792	-0.004914605042210045	0.0013001786844055241
JSB120-1	-0.007032655209594362	0.021635736416547743	4.52824072250513e-4	-0.013079099978087256	-0.017770572671208056	0.006071480785696981	0.013823338931465812	-0.004124449705287001	-0.005935265855056631	-0.001478000485939134
JSB120-2	-0.008740079727511663	0.023896226182451605	0.004363929523194746	-0.016988381335206484	0.008924254680481082	-0.0017367686520683	-0.004685720540193685	0.0020576795729271413	-0.0020930165478861324	-0.003385996330789549
JSB120-3	-0.00888332662161859	0.024552718000179656	0.0034091127457398732	-0.016556641876709837	0.0035016102989466258	0.0010394205144271275	-0.004660366841749645	0.0011517452934605163	-0.0027546828524850015	4.002787810888558e-4
JSB120-4	-0.008399039045065787	0.023906863781349978	0.002253384006219719	-0.017006923440273103	-0.013191448713857199	0.004276624724394786	0.009321300457682093	-0.001541861791782589	-0.0022369085207632772	-8.68645387650291e-4
JSB120-5	-0.009774004425240559	5.194263559225343e-4	0.03637330038749283	0.027573381265452293	-0.0010948960129463336	2.019397748026845e-4	-0.001395209113332582	1.753974845212681e-4	0.00975429250691861	-0.011950138915232306
JSB120-6	-0.007257203225537855	0.021637256073533225	-0.0014833894285644562	-0.013168520775102062	-0.02066201470283768	0.007631397027778054	0.013521531679123388	-6.492031594875186e-4	-0.005411488550644445	0.0013468113722856583
JSB120-7	-0.008664374638187531	0.024238149004184962	0.003017266968750813	-0.015712602263415414	0.00801645251418419	2.2032632869460466e-6	-0.008726773232394848	-2.138568399879404e-5	-8.36723511392113e-4	0.00453138006341914
JSB120-8	-0.009265443336526864	0.023437099815712983	0.003380983561199521	-0.015362620030283053	0.01193686033202221	-0.0014943201094706773	-0.012291915089532987	-0.002082893011353737	-0.0014664831790732725	0.0019412635513101695
JSB121-2	-0.007513726509728937	0.022967145892952803	0.002500901136463349	-0.014277981650438759	-0.010250735308446479	0.005627325304177215	0.007516483642438019	-0.0024670063100504297	7.138694465913213e-4	4.491080060778807e-4
JSB121-3	-0.006820337697698663	0.02217445481790097	-1.7622884880251574e-5	-0.013734765261884357	-0.021744977518751155	0.0014591516055864724	0.017854898156105033	-0.0019967671073949527	-0.00903490439121046	2.906750774099016e-4
JSB121-4	-0.008979238003597153	0.024117336273839177	0.0031913167083798934	-0.016926138180093756	0.008370373004847838	1.7854210651790464e-5	-0.008737844221432261	5.217443685080465e-4	-0.0017846287735548189	0.0014053495084166178
JSB121-5	-0.009272524913752649	0.022233531483211565	0.005115901072575672	-0.01598333195069853	0.019858927943197487	-0.007850683543223012	-0.016656359684204976	-0.0038453981173674342	8.029155345186596e-4	-0.0010099800661708077
JSB68-1	-0.007816114184099242	0.023708548544744634	0.0037706236425046704	-0.016906848409500262	-0.001333450054628484	-2.2864951011107118e-4	-0.002458505818979538	-0.002906337610634665	-0.002496842021505445	0.001841532805476505
JSB68-2	-0.00925792907637486	0.023865643085618792	0.005071130701848671	-0.01654595025967546	0.010917364174157616	0.002364892531731603	-0.009016593210770996	-3.4876760276905075e-4	-0.0020428283479222513	-0.002937449219690051
JSB68-3	-0.009046159629519036	0.022782317612093605	0.0029066802143128284	-0.016103893016907872	0.014828119198693542	-0.005565030017584136	-0.013559883398826368	0.0023202995458720963	-0.0013567077023831544	4.446715077327402e-4
JSB68-4	-0.0074052240545974006	0.022455591360215063	5.977533771955797e-4	-0.01307610931597974	-0.019788501016733427	0.0026074906877464415	0.01392072962854407	1.5205475744460017e-4	-0.005650985636390598	6.350103139774763e-4
JSB81-1	-0.00861910158134081	0.023828981360844048	0.004214191670367343	-0.019126330909318815	0.007918367679017735	-1.3434349782089045e-4	-0.0035706584591840844	-4.305231774005586e-4	-0.002758700778429215	0.0027764783920231116
JSB81-11	-0.008996891466986892	0.023602932384253664	0.0031645037202223513	-0.016408791018769388	0.00885747273668708	6.881104442119766e-4	-0.006106349475624967	0.004208757497359242	-0.006063217663399144	0.001057046995324528
JSB81-13	-0.008860077125716419	0.004406055472280681	-0.028178353173305377	0.025636516334794246	-5.975399592674193e-4	0.0029946528081457	8.29654439646572e-4	5.574148089487566e-4	-0.0047243395073934364	-0.0018979479842699313
JSB81-14	-0.0072028582500047395	0.021723116693212936	4.585746359978521e-4	-0.01401454170204272	-0.024539525287443235	0.0040315953503501974	0.017673624879971976	-0.0017373488409168666	-0.005701508663516497	3.270343404924385e-4
JSB81-15	-0.006014004219161001	0.017320689401985095	0.011566444971032059	-0.007247981767400259	-0.016984886582605795	0.004415840009113754	0.011903296924857955	-0.0032979406155306413	-0.009399626835551267	0.015922059408923436
JSB81-16	-0.008981516800341907	0.023494466866914913	0.0030547506662363224	-0.017557280034609206	0.005900494282979848	0.001864024214248609	-0.004658061960072914	0.0011303876243933073	-0.002353308792016176	0.002336965911865729
JSB81-2	-0.008852981125726427	0.024177172767642516	0.0037610721924448785	-0.016762735879194208	0.0023313235891664675	0.0021213592918591685	-0.004123754491708454	0.0015876004555950077	-0.00409127700892123	4.6550061415576535e-4
JSB81-3	-0.008439725662894589	0.023715956872548856	0.0033874496631300342	-0.016367183432198538	0.00458250335083138	-0.0013797910385922568	-0.006043163600478849	3.9577437103566876e-4	-0.005036183176361291	0.0027510632152607105
JSB81-4	-0.008753608280338112	0.02370930837323737	0.004596873306955393	-0.016510062314385236	0.005827695370305885	-0.001047836269145496	-0.005366501349867116	-0.001750715965416046	-8.124784374281462e-4	0.003107165184116715
JSB81-5	-0.008955685629646628	0.02461540385083077	0.0034476795973558743	-0.016862885676519737	0.008689162456510689	-0.0030148693211469366	-0.007041290721339877	1.635260143287548e-4	-0.0012140354570247883	-0.003205882700312012
JSB81-6	-0.009050284540082325	0.023638454366289294	0.005059051892151064	-0.017486588259042733	0.016823976166744484	-0.0047162169966894815	-0.012290876003531181	0.0011633171754050582	-0.0031856173681148255	0.0011090099948379342
JSB81-7	-0.008852115759873989	0.02368689343270152	0.004050339990991107	-0.01711578354098678	0.009699500366460582	-0.0010205598730194058	-0.008028101251017612	-0.0013582667952395401	-0.0011064088532280487	0.0011846162254723572
JSB81-8	-0.008525180540822856	0.024169194568468735	0.004880626866291845	-0.015949574852159913	0.008540322611400957	-0.0033483482772815793	-0.007942603365541829	0.002400056340895002	-4.280980512430166e-4	5.624124103883986e-4
JSB81-9	-0.007430478314724387	0.021690823982271453	9.200639412923008e-4	-0.013068408361052879	-0.0236933031801248	0.0035245648302456418	0.013388623133256162	-5.448801281309633e-4	-8.983209469017499e-4	0.003435306839856799
JSB82-1	-0.007942486444083628	0.02409036236234688	0.0024740225026009294	-0.016945315800858216	-0.015522955467981962	0.005373954982122865	0.010574778240368487	-0.005922367971757463	-0.0045972367250688975	-0.0017874938914302038
JSB82-2	-0.00830021426471735	0.021115443856143484	0.0012789490098619666	-0.011411731086592972	0.007244485480958154	-5.604845888240595e-4	-0.0056772825267705825	-0.0015284146246217379	-0.0010492646189732481	0.0011442390243833868
JSB82-3	-0.008947060816650662	0.024206616121736222	0.003101057146457475	-0.016609389679631194	0.007617528393267698	5.531479208773574e-4	-0.007700619128194227	0.0016999689179161674	-0.0012861189617620467	7.793774440585375e-4
JSB82-4	-0.008768607955113706	0.023725264771584927	0.003305097126360207	-0.015082095924597812	0.008210121982836388	0.0017565176231407384	-0.006279791821798965	0.00287689334580542	-0.004279509664539874	8.861670230395002e-4
JSB82-5	-0.009141696019628208	0.024594698524403585	0.0034964215332280116	-0.017048045044251482	0.0069773119145425605	-0.0021162630848352675	-0.002575676935037611	0.002084733992572187	0.0011501037978713703	-0.0023173647432663453
JSB82-6	-0.008815611743665306	0.023936497092566872	0.0038775604957514216	-0.015692976043334823	0.010526123823241558	-0.0017478961499736987	-0.006495997280065425	0.001196820746647655	-0.0010240186509571068	0.003388613840688667
JSB82-7	-0.008929566003667204	0.02393288790722635	0.005901220640034773	-0.01661589436971505	0.012254559952183212	-1.3862150646939449e-4	-0.005042826060304889	8.364458144696079e-4	0.001010387598029104	0.004245987048612112
JSB82-8	-0.008778617353473576	0.023733812842128263	0.00437302145332039	-0.018145244204947352	0.010777426146020974	-0.003457304248368725	-0.0104294006624796	-0.00456445565116247	1.0141544036018043e-4	0.002592239469446504
JSB84-2	-0.008486686183153565	0.008529055835303096	0.026515645937295353	0.012166424669425281	-0.011202277266783987	0.003163856232177788	0.008453077979519436	7.67639999029991e-4	0.0022741819587636146	-0.001651540186024878
JSB84-3	-0.004219826774536775	0.01682125413370657	0.009005606023729578	-0.007056429859413696	-0.011676399761328093	0.004582284935765933	0.0077369776920210185	0.0013340710420827705	-0.003411398498331179	0.009453601397581193
JSB84-6	-0.009074846507527361	0.024532772502245212	0.004039442803981309	-0.015382881766061491	0.008542987661544136	-1.4644909344133485e-4	-0.008241945150189061	0.003501340453504467	-0.003919809627629334	-0.0014036728546102705
JSB84-7	-0.009156940881395327	0.024141270871360514	0.004161215586530555	-0.016972044843444164	0.009466697704468865	-0.0018167276727313777	-0.008346647234225476	0.002949915122581947	8.789703285597075e-4	8.183325049765128e-4
JSB84-8	-0.009308365482807796	0.02416501551175866	0.005878047706212734	-0.016388342366609233	0.008351955768291373	-5.552986137498294e-4	-0.006687736986107569	-6.029522226404007e-4	-8.144192391565565e-4	-3.6354438179497073e-4
JSB84-9	-0.007795936736973225	0.02414241061409963	0.004614794584387169	-0.017546663184127512	-0.0056408396381022255	0.0011657316419112639	0.0037739131273735035	-4.355006874899451e-4	-7.390006167233423e-4	-0.005457013587098839
JSB86-5	-0.007003131811262014	0.021361058416421948	1.8571859189972278e-4	-0.014163551441549831	-0.01893650921322873	0.00396957123807582	0.01388228344647729	4.397075010940923e-4	-0.0049763806536023275	2.6058336337612763e-4
JSB86-6	-0.008547997353798808	0.024265312872800447	0.004888963870811389	-0.018675339063505016	-0.006299958740523307	-0.0020549215837769364	0.00302496827598167	-5.410472281034825e-4	-0.005060278773913642	0.005664978970373901
JSB86-7	0.014475839979585384	0.006079615718966916	0.0032474076809131565	-0.005035975922850501	0.0060037810029618536	0.006290150145795924	-0.002557908564406747	-0.00286974667958473	-0.0018575373880841924	8.453435184193436e-4
JSB86-8	-0.00857889091473085	0.023689362875302926	0.0033244954321517443	-0.016471781839409	0.012592407717756559	-0.003646817693787809	-0.008755810963027105	-8.605866812298024e-4	-0.00115921348830084	0.0030223554509337816
JSB90-1	-0.010027917189110119	-1.4824291884797533e-4	0.037449561718972554	0.029107478776780285	-8.474291643935959e-5	-0.002231484117768309	0.0021703861631517988	-0.0020179555434060555	0.0066487347048648235	-0.01239529653194631
JSB90-2	-0.009201002426048637	0.02006821023602349	0.010968379776738308	-0.008480321472079626	0.008325644122032435	-0.0021695161105253886	-0.002800657946901132	-9.519588099278713e-4	-0.003079501073981045	-0.003932802592295558
JSB90-3	-0.009269928816195334	0.023553163617979142	0.004504673914453821	-0.016056005039911232	0.014115699093408896	-0.0013546185811457588	-0.0071083023222199134	-0.002136533029339751	-0.003749143439903695	-0.0010074337235915277
JSB90-4	-0.008365708036982712	0.022520746653467583	0.0011783502494212158	-0.015238619702650065	-0.005519245580538731	0.003620579240743651	0.003395166279715617	0.0017668159750780174	-0.00112613973956124	0.002229491196653108
JSB90-5	-0.008454811874255426	0.02356665057372529	0.0037408533153423617	-0.01695219432370551	0.006378225127202348	-9.478571030912774e-4	-0.003492509745611976	-4.061238871898238e-5	0.0012737064405415302	0.0034249574228363247
JSB90-6	-0.008773684768114678	0.003902859052963089	0.030596347066792675	0.0187546289926306	-0.004557849347445003	7.606785620646113e-4	0.0064876468071054655	-9.37822132410048e-5	0.003643828339336171	-0.007442690370890812
JSB90-7	-0.008504094459551779	0.019009389231389187	-0.0029747515279863815	-0.010656401988062817	-0.01365778669767381	0.0062560382866708045	0.013761843932631721	-0.001051642797307252	-0.005700420475239939	-0.0028340997965765
JSB90-8	-0.008961440312565343	0.024067757464687842	0.0027206140284057757	-0.01707570866874603	0.007751834098936798	-6.008184959376274e-4	-0.005879592571321997	-8.751087069902453e-4	-0.0040829541623225015	-0.0010200918567165697
JSB91-1	-0.008705003564959504	0.024229790890764817	0.003050503389130696	-0.016357389013796415	0.01035477300475749	-0.0013273328341810928	-0.0066471937395644175	0.003010541721465308	0.0018593311050235735	8.126089637454928e-4
JSB91-10	-0.008753492898224455	0.023453246171183727	0.0045260087685392685	-0.015288675909674657	0.0061215285964011735	1.1755780749317551e-4	-0.006901543100333498	-5.355197105817517e-4	-5.547141383713367e-4	-4.408019354947819e-5
JSB91-3	-0.00873731055678386	0.02272817983198582	0.004062517269246032	-0.016530062367229266	0.0053357875583114256	-0.002471398583111846	-0.004915811965938811	-0.0013380274365025447	-2.61600461684499e-4	-0.0011771665751788315
JSB91-5	-0.010880865041565782	-0.003011656213827412	0.002809875775614044	-0.01252579010491998	0.017937069618297333	-0.009638283353790257	0.017548462247936384	-7.53902391353931e-4	-9.067992489685576e-4	-0.002108205196488921
JSB91-6	-0.008278695500520055	0.023897175968067532	0.0019606041624625017	-0.01575357433428842	-0.0061112713587367085	0.005439953200792027	0.0025160900759522895	0.0040432864463518636	-0.004639293408240918	8.334694320382769e-5
JSB91-7	-0.014089656045170651	-0.031280429432029834	0.0016546065560280382	-0.013593830310067544	0.003972051177829023	-0.002419071290440745	0.012589754922595793	0.0014437409232389976	-0.0022787738741284302	-2.0561565549465574e-4
JSB91-8	-0.008313656280958558	0.02433179786591527	0.002837433842521954	-0.015847144674977404	0.0059746211416014435	-0.003017674572719726	-0.007515132830635672	-0.0015020577195998315	0.0010405423714026849	3.489792057434286e-4
JSB91-9	-0.009461333319990448	0.0019635487909407607	0.03538861481431833	0.02345482832735946	-0.0073293915973753525	0.002760825738715117	-7.789272056620947e-4	9.856030275616913e-4	0.007813550569072998	-0.015505308408856536
JSB95-1	-0.008739892231576969	0.023928328936269904	0.004275242175904163	-0.016871969812671327	0.004889551928667585	-7.922058494073352e-5	-0.00843485618954233	0.005229907470969349	-0.0013073326540984597	6.023734635901823e-4
JSB95-3	-0.0087757039551037	0.024144310185331478	0.003014828230814584	-0.0160620985139553	0.013631868856075204	3.994865256423806e-4	-0.008229570580531202	-7.682277408599806e-5	-0.006486188075818117	-1.0866622501831169e-4
JSB95-4	-0.008413750264557237	0.02419369903735963	0.004613120618912773	-0.01621955687391615	0.00735266270532661	0.00191403249895287	-0.006497962097232474	-0.0015369906240865663	-0.0050718303110032555	0.0025545449144476888
JSB95-5	-0.009123133922093409	0.023965940446660575	0.004647125094039731	-0.01873818035103925	0.006377620682839978	-8.282093831763737e-4	-0.005380283408745601	6.973316684841361e-4	-8.157202818432542e-4	7.961994685069686e-4
JSB95-6	-0.008850788865566917	0.023226627323223784	0.004790134262117108	-0.013919737713234381	0.009448839121035196	-5.04495507766611e-4	-0.006804643607547001	-8.040994314214652e-4	-0.001493867257681156	-0.0011539696475890008
JSB95-7	-0.009059125694541401	0.024192179380374147	0.004906392805456577	-0.017253129698274566	0.008691717607678891	-0.0015218770307540465	-0.006496752978975829	0.0029810059793084383	4.93336732139597e-4	-0.0035372811656039934
JSB95-8	-0.008767497402269744	0.023906103952857236	0.0029898959921018054	-0.015883294303202036	0.009006504905003019	-0.0021523199183841888	-0.007826971986013703	0.0013705133224753152	-0.00458590043401201	6.552326888432404e-4
JSB99-1	-0.009016910263706625	0.0035792101064801483	-0.028666888509009683	0.023290304528169593	0.0014249043183046952	0.003244834494245646	0.0018555997820231937	-0.002693561346579293	-3.9186377325622717e-4	4.0492033781318993e-4
JSB99-2	-0.007961740834300375	0.02389603622532842	0.004868154182364967	-0.016375781585757653	0.0100873521656482	4.4095936489450094e-4	-0.01051177184371359	-0.004160411729709515	9.086706936419784e-4	0.003241032118957307
JSB99-3	-0.009188122897611516	0.023654220807513664	0.0037399670983265048	-0.017283447535389535	0.009157643470339342	-0.004461565609750223	-0.00733867713505644	0.002410896404218545	-3.52022928409989e-4	0.002750725472047921
JSB99-4	-0.008995478036094576	0.02261268590108922	0.0069413440109789976	-0.012524033090931815	0.0034700509766325636	0.002667523071404137	-0.003720079026243629	-0.0011971866559581546	3.4343819913811144e-4	-0.001437254179767615
JSB99-5	-0.008673749434922278	0.024235679561583557	0.004435877215741363	-0.016452791135026255	0.008080486983603785	-0.0018135951418084292	-0.004842537510338804	-7.955348666225897e-4	-0.0022869651814849366	0.0016586689802662539
JSB99-6	-0.009007391239329808	0.0052136011943655965	-0.02628759275854814	0.022334152469119566	3.297820966348684e-4	0.0014087786381777486	-0.0013937355004572949	0.0018922199565857166	-0.005840736972351252	-0.006681947908597929
JSB99-7	-0.008993386735284516	0.015365878638710851	0.014796673170978564	3.8879355063268145e-4	-0.012652211076639561	0.0035449216058255177	0.007745564320890479	3.640511772819704e-4	-0.0026252004056875507	-0.002860914195220457
JSB99-8	-0.008988281076755133	0.02462281217863499	0.004140766949460965	-0.016984792540677463	0.01290003326521139	0.001320553476213518	-0.010919376943512513	0.0048911440574426705	-0.003554214241044695	9.931918160436554e-4
