"code","adrc_id","date_run","nuclei_targeted","age","sex","diagnosis","date_diagnosis","date_blood_draw","apoe_genotype"
"68-1",3900211,2025-02-04,10000,72,"male","Healthy Control",2018-08-15,2018-01-09,"E3/E3"
"68-2",3900193,2025-02-04,10000,74,"female","Parkinsons Disease only",2019-04-25,2018-12-19,"E3/E3"
"68-3",3900382,2025-02-04,10000,72,"male","Parkinsons Disease only",2019-10-30,2019-08-28,"E3/E3"
"68-4",3900024,2025-02-04,10000,75,"female","Healthy Control",2017-05-03,2017-04-11,"E3/E3"
"81-1",3900028,2025-03-31,10000,67,"female","Healthy Control",2019-02-13,2019-01-07,"E3/E4"
"81-11",3900381,2025-03-31,10000,67,"female","Parkinsons Disease only",2019-10-23,2019-08-26,"E3/E3"
"81-13",3900307,2025-03-31,10000,51,"female","Healthy Control",2019-01-30,2018-12-19,"E4/E2"
"81-14",3900181,2025-03-31,10000,71,"male","Parkinsons Disease and Mild cognitive impairment",2018-11-14,2018-10-09,"E3/E3"
"81-15",3900377,2025-03-31,10000,55,"female","Healthy Control",2019-10-10,2019-08-13,"E3/E4"
"81-16",3900215,2025-03-31,10000,51,"female","Parkinsons Disease only",NA,2018-01-23,"E3/E3"
"81-2",3900231,2025-03-31,10000,66,"female","Parkinsons Disease only",2019-06-12,2019-04-09,"E3/E4"
"81-3",3900250,2025-03-31,10000,64,"male","Parkinsons Disease only",2019-09-19,2019-06-04,"E3/E3"
"81-4",3900327,2025-03-31,10000,64,"male","Parkinsons Disease and Mild cognitive impairment",2019-08-28,2019-02-20,"E3/E2"
"81-5",3900251,2025-03-31,10000,64,"female","Parkinsons Disease only",NA,2018-05-10,"E3/E3"
"81-6",3900351,2025-03-31,10000,65,"female","Parkinsons Disease and Mild cognitive impairment",2019-08-28,2019-05-16,"E3/E4"
"81-7",3900312,2025-03-31,10000,74,"male","Healthy Control",2019-03-27,2019-01-17,"E3/E3"
"81-8",3900232,2025-03-31,10000,78,"male","Parkinsons Disease only",2019-05-22,2019-04-18,"E3/E4"
"81-9",3900353,2025-03-31,10000,64,"male","Parkinsons Disease and Mild cognitive impairment",2019-10-23,2019-05-29,"E3/E3"
"82-1",3900108,2025-04-02,10000,68,"female","Parkinsons Disease and Mild cognitive impairment",2018-03-28,2018-02-28,"E3/E4"
"82-2",3900379,2025-04-02,10000,70,"male","Parkinsons Disease only",2019-10-30,2019-08-22,"E3/E4"
"82-3",3900185,2025-04-02,10000,76,"male","Healthy Control",NA,2018-09-17,"E3/E3"
"82-4",3900190,2025-04-02,10000,75,"female","Parkinsons Disease only",2019-01-31,2018-11-13,"E3/E3"
"82-5",3900058,2025-04-02,10000,75,"female","Healthy Control",2016-10-19,2016-09-06,"E3/E3"
"82-6",3900079,2025-04-02,10000,69,"female","Healthy Control",2017-03-15,2016-10-27,"E3/E3"
"82-7",3900305,2025-04-02,10000,79,"male","Parkinsons Disease only",2019-03-13,2018-12-17,"E3/E3"
"82-8",3900030,2025-04-02,10000,80,"female","Parkinsons Disease and Mild cognitive impairment",2016-07-20,2016-04-26,"E3/E3"
"84-2",3900056,2025-04-14,7857.14285714286,74,"female","Healthy Control",2016-10-26,2016-08-24,"E3/E3"
"84-3",3900294,2025-04-14,10000,74,"male","Parkinsons Disease only",2019-03-13,2018-10-31,"E3/E3"
"84-6",3900219,2025-04-14,10000,68,"male","Healthy Control",2018-04-11,2018-02-05,"E3/E3"
"84-7",3900238,2025-04-14,10000,62,"male","Parkinsons Disease and Mild cognitive impairment",2018-06-06,2018-03-27,"E3/E2"
"84-8",3900169,2025-04-14,10000,70,"female","Healthy Control",2017-11-08,2017-08-03,"E3/E2"
"84-9",3900059,2025-04-14,10000,67,"female","Healthy Control",2016-11-30,2016-09-08,"E3/E3"
"86-5",3900280,2025-04-21,10000,92,"female","Healthy Control",2018-09-26,2018-09-10,"E3/E3"
"86-6",3900320,2025-04-21,7608.69565217391,77,"male","Parkinsons Disease only",2019-04-10,2019-02-06,"E3/E2"
"86-7",3900290,2025-04-21,10000,70,"female","Healthy Control",2019-01-30,2018-10-22,"E3/E3"
"86-8",3900164,2025-04-21,10000,77,"female","Healthy Control",2017-10-11,2017-07-26,"E3/E2"
"90-1",3900239,2025-04-25,10000,50,"male","Parkinsons Disease and Mild cognitive impairment",2018-08-29,2018-03-28,"E3/E3"
"90-2",3900295,2025-04-25,10000,63,"female","Healthy Control",2019-01-30,2018-11-01,"E3/E3"
"90-3",3900191,2025-04-25,10000,70,"male","Parkinsons Disease only",2018-11-28,2018-10-31,"E3/E3"
"90-4",3900008,2025-04-25,10000,67,"female","Healthy Control",2017-01-17,2016-11-16,"E3/E3"
"90-5",3900333,2025-04-25,10000,72,"male","Parkinsons Disease only",2019-06-26,2019-03-04,"E3/E4"
"90-6",3900038,2025-04-25,10000,60,"female","Healthy Control",2016-08-17,2016-06-01,"E3/E2"
"90-7",3900332,2025-04-25,7000,65,"female","Parkinsons Disease only",2019-04-10,2019-02-27,"E3/E3"
"90-8",3900043,2025-04-25,10000,62,"male","Healthy Control",2016-10-19,2016-06-22,"E3/E3"
"91-1",3900375,2025-04-28,7000,77,"female","Parkinsons Disease only",2019-10-30,2019-08-08,"E3/E4"
"91-10",3900022,2025-04-28,10000,69,"male","Healthy Control",2017-03-15,2017-02-28,"E3/E3"
"91-3",3900234,2025-04-28,7000,58,"female","Parkinsons Disease and Mild cognitive impairment",2018-08-29,2018-03-19,"E3/E3"
"91-5",3900029,2025-04-28,10000,63,"female","Healthy Control",2017-10-11,2017-04-14,"E3/E3"
"91-6",3900074,2025-04-28,9658.3850931677,66,"male","Parkinsons Disease only",2020-02-25,2019-11-12,"E3/E3"
"91-7",3900340,2025-04-28,10000,65,"male","Parkinsons Disease only",2019-08-14,2019-03-27,"E3/E3"
"91-8",3900021,2025-04-28,10000,80,"male","Healthy Control",2017-03-15,2017-02-23,"E3/E3"
"91-9",3900176,2025-04-28,10000,69,"female","Healthy Control",2017-11-08,2017-08-16,"E3/E3"
"95-1",3900142,2025-05-05,7000,77,"female","Healthy Control",2018-05-23,2018-05-02,"E3/E3"
"95-2",3900242,2025-05-05,7000,70,"female","Parkinsons Disease and Mild cognitive impairment",2019-08-14,2019-06-24,"E3/E3"
"95-3",3900168,2025-05-05,7000,63,"female","Healthy Control",2018-10-24,2018-08-29,"E3/E3"
"95-4",3900263,2025-05-05,7000,68,"female","Parkinsons Disease only",2018-09-26,2018-06-18,"E3/E3"
"95-5",3900010,2025-05-05,10000,68,"male","Healthy Control",2017-05-03,2017-03-09,"E3/E3"
"95-6",3900345,2025-05-05,10000,71,"male","Parkinsons Disease only",2019-07-24,2019-04-22,"E3/E3"
"95-7",3900013,2025-05-05,10000,86,"male","Healthy Control",2017-04-12,2017-03-23,"E3/E3"
"95-8",3900325,2025-05-05,10000,83,"male","Parkinsons Disease only",2019-04-24,2019-02-14,"E3/E3"
"99-1",3900308,2025-05-12,10000,63,"female","Healthy Control",2019-01-30,2018-12-19,"E3/E4"
"99-2",3900407,2025-05-12,10000,63,"male","Parkinsons Disease only",2020-04-08,2020-02-25,"E3/E4"
"99-3",3900326,2025-05-12,10000,84,"female","Healthy Control",2020-02-26,2020-02-10,"E3/E4"
"99-4",3900223,2025-05-12,10000,63,"female","Parkinsons Disease only",2020-03-26,2020-02-12,"E3/E3"
"99-5",3900027,2025-05-12,10000,74,"male","Healthy Control",2017-05-03,2017-04-20,"E3/E3"
"99-6",3900252,2025-05-12,10000,73,"male","Parkinsons Disease and Mild cognitive impairment",2018-10-24,2018-05-17,"E3/E3"
"99-7",3900125,2025-05-12,10000,64,"male","Healthy Control",2017-06-28,2017-03-22,"E3/E3"
"99-8",3900184,2025-05-12,3000,65,"female","Parkinsons Disease only",2018-03-14,2018-01-29,"E3/E3"
"100-1",3900060,2025-05-14,10000,82,"male","Healthy Control",2017-10-11,2017-09-05,"E3/E3"
"100-2",3900277,2025-05-14,10000,79,"male","Parkinsons Disease and Mild cognitive impairment",2019-02-27,2018-08-08,"E3/E3"
"100-3",3900137,2025-05-14,10000,72,"male","Healthy Control",2017-06-14,2017-04-25,"E3/E3"
"100-4",3900227,2025-05-14,10000,62,"male","Parkinsons Disease only",NA,2019-03-19,"E3/E4"
"100-5",3900101,2025-05-14,10000,77,"female","Healthy Control",2021-02-23,NA,"E3/E3"
"100-6",3900186,2025-05-14,10000,65,"female","Parkinsons Disease only",2018-01-24,2017-09-25,"E3/E3"
"100-7",3900330,2025-05-14,10000,67,"female","Healthy Control",2019-06-12,2019-02-26,"E3/E4"
"100-8",3900298,2025-05-14,10000,59,"female","Healthy Control",2019-09-11,2019-03-19,"E3/E3"
"113-1",3900357,2025-07-07,10000,70,"male","Healthy Control",2019-10-09,2019-06-12,"E3/E3"
"113-2",3900144,2025-07-07,10000,73,"female","Parkinsons Disease only",2019-04-10,2019-03-20,"E3/E3"
"113-3",3900226,2025-07-07,10000,68,"female","Healthy Control",2019-04-10,2019-03-21,"E3/E4"
"113-4",3900092,2025-07-07,10000,77,"female","Parkinsons Disease only",2020-02-25,2019-12-11,"E3/E3"
"115-1",3900062,2025-07-15,3000,74,"male","Parkinsons Disease and Mild cognitive impairment",2017-10-11,2017-09-12,"E3/E3"
"115-2",3900173,2025-07-15,3000,76,"female","Healthy Control",2018-09-26,2018-08-23,"E3/E3"
"115-3",3900035,2025-07-15,10000,63,"male","Parkinsons Disease only",2017-06-28,2017-05-30,"E3/E2"
"115-4",3900209,2025-07-15,10000,57,"male","Parkinsons Disease only",2019-01-31,2018-12-11,"E3/E4"
"115-5",3900048,2025-07-15,6000,67,"male","Parkinsons Disease only",2016-10-26,2016-07-28,"E3/E3"
"115-6",3900134,2025-07-15,10000,74,"male","Healthy Control",2018-05-23,2018-04-18,"E3/E2"
"115-8",3900206,2025-07-15,3000,74,"male","Healthy Control",2018-03-14,2017-12-14,"E3/E3"
"116-1",3900220,2025-07-16,10000,71,"female","Parkinsons Disease only",2019-04-25,2019-02-05,"E3/E3"
"116-2",3900310,2025-07-16,10000,66,"female","Healthy Control",2019-06-12,2019-01-15,"E3/E3"
"116-3",3900243,2025-07-16,10000,63,"male","Parkinsons Disease only",2018-07-25,2018-04-17,"E3/E4"
"116-4",3900415,2025-07-16,10000,59,"female","Healthy Control",2020-02-26,2020-01-23,"E4/E4"
"116-5",3900099,2025-07-16,6000,81,"male","Parkinsons Disease and Mild cognitive impairment",2017-03-15,2017-01-11,"E3/E3"
"116-6",3900143,2025-07-16,10000,67,"male","Healthy Control",2017-08-02,2017-05-09,"E3/E3"
"116-7",3900328,2025-07-16,10000,72,"male","Parkinsons Disease and Mild cognitive impairment",2019-06-12,2019-02-21,"E3/E3"
"116-8",3900321,2025-07-16,10000,65,"female","Healthy Control",2019-05-22,2019-02-06,"E3/E3"
"118-1",3900316,2025-07-18,10000,80,"female","Parkinsons Disease only",2019-10-23,2019-01-29,"E3/E3"
"118-2",3900089,2025-07-18,10000,67,"male","Healthy Control",2020-02-12,2020-01-06,"E3/E3"
"118-3",3900322,2025-07-18,10000,55,"male","Healthy Control",2020-02-26,2020-02-11,"E3/E4"
"118-4",3900408,2025-07-18,10000,48,"male","Parkinsons Disease and Mild cognitive impairment",2020-04-08,2019-11-20,"E3/E2"
"118-5",3900313,2025-07-18,10000,73,"male","Healthy Control",2020-02-26,2020-01-28,"E3/E3"
"118-6",3900395,2025-07-18,10000,63,"female","Parkinsons Disease only",2020-02-12,2019-11-06,"E3/E3"
"118-7",3900148,2025-07-18,3000,80,"female","Parkinsons Disease and Dementia",2018-06-06,2018-05-03,"E3/E2"
"118-8",3900237,2025-07-18,10000,66,"female","Parkinsons Disease only",2018-06-13,2018-03-26,"E3/E3"
"119-1",3900241,2025-07-21,10000,67,"male","Healthy Control",2019-04-10,2019-04-04,"E3/E3"
"119-2",3900228,2025-07-21,10000,75,"female","Parkinsons Disease only",2020-03-26,2020-02-04,"E3/E3"
"119-3",3900374,2025-07-21,10000,62,"male","Parkinsons Disease only",2020-01-22,2019-08-07,"E3/E4"
"119-4",3900266,2025-07-21,10000,64,"male","Parkinsons Disease and Mild cognitive impairment",2018-11-28,2018-06-27,"E3/E3"
"119-5",3900373,2025-07-21,6000,69,"female","Parkinsons Disease only",2019-10-23,2019-08-06,"E3/E4"
"119-6",3900247,2025-07-21,10000,74,"male","Parkinsons Disease and Mild cognitive impairment",2018-08-15,2018-04-25,"E3/E3"
"119-7",3900103,2025-07-21,10000,69,"male","Healthy Control",2020-02-12,2020-01-30,"E3/E3"
"119-8",3900291,2025-07-21,10000,73,"male","Healthy Control",2019-12-11,2019-11-04,"E3/E2"
"120-1",3900246,2025-07-29,10000,83,"male","Parkinsons Disease and Mild cognitive impairment",2018-08-15,2018-04-24,"E3/E3"
"120-2",3900152,2025-07-29,10000,79,"male","Healthy Control",2018-10-24,2018-07-18,"E3/E3"
"120-3",3900221,2025-07-29,10000,71,"female","Parkinsons Disease only",2019-06-20,2019-04-11,"E3/E2"
"120-4",3900154,2025-07-29,4000,85,"male","Healthy Control",2019-09-11,2019-06-10,"E3/E3"
"120-5",3900297,2025-07-29,10000,92,"male","Parkinsons Disease and Mild cognitive impairment",2020-03-25,2020-02-28,"E3/E3"
"120-6",3900405,2025-07-29,10000,77,"male","Parkinsons Disease and Dementia",2020-04-08,2019-10-24,"E3/E4"
"120-7",3900299,2025-07-29,10000,72,"female","Parkinsons Disease only",2019-03-27,2018-11-19,"E3/E3"
"120-8",3900286,2025-07-29,10000,77,"male","Parkinsons Disease and Mild cognitive impairment",2019-03-13,2018-10-11,"E3/E4"
"121-2",3900095,2025-07-30,10000,95,"female","Healthy Control",2020-03-25,2020-01-08,"E3/E3"
"121-3",3900031,2025-07-30,10000,73,"male","Healthy Control",2017-08-02,2017-06-28,"E3/E3"
"121-4",3900392,2025-07-30,10000,69,"male","Parkinsons Disease only",2020-01-22,2019-09-26,"E3/E4"
"121-5",3900323,2025-07-30,10000,69,"male","Healthy Control",2019-10-23,2019-02-28,"NA"
